{
    "loss": 0.9396078586578369,
    "accuracy": 0.8333333134651184
}